date,CO2_avg,CH4_avg,N2O_avg,CFC11_avg,CFC12_avg,CFC113_avg,SF6_avg
2020-01-02,420.2163647,1985.283757,333.9353324,,,,
2020-01-03,,1988.706495,333.5675657,,,,
2020-01-04,419.474296,1961.912321,333.6991209,,,,
2020-01-05,420.3271966,1968.200321,333.4689582,,,,
2020-01-06,418.6126655,1958.854607,333.5901676,,,,
2020-01-07,417.7789151,1957.502669,333.5864881,,,,
2020-01-08,418.3647975,1963.760423,333.7302589,,,,
2020-01-09,,1988.775822,334.0775263,,,,
2020-01-10,420.2605142,1976.119205,333.8250814,,,,
2020-01-11,420.7695762,1974.502469,334.3134979,,,,
2020-01-12,420.5509806,1969.756799,334.1005949,,,,
2020-01-13,419.5915873,1975.616008,333.7137483,,,,
2020-01-14,420.3108781,1978.094708,333.7666236,,,,
2020-01-15,420.9066371,1970.315055,333.7613513,,,,
2020-01-16,419.5833282,1967.600724,333.6368039,,,,
2020-01-17,419.4523347,1965.336524,333.6529604,,,,
2020-01-18,418.561758,2011.083311,333.4683168,,,,
2020-01-19,418.4892766,1996.972844,334.6504314,,,,
2020-01-20,420.1461576,1982.418028,333.855054,,,,
2020-01-21,420.2889166,1973.359565,333.3295195,,,,
2020-01-22,419.824165,1986.728344,334.065644,,,,
2020-01-23,421.3932219,1981.90789,333.7351284,,,,
2020-01-24,420.8983455,1969.86911,333.8609819,,,,
2020-01-25,419.0592389,1969.544645,333.4273302,,,,
2020-01-26,419.3471889,1972.572933,333.6354563,,,,
2020-01-27,418.5695627,1986.331479,333.3997047,,,,
2020-01-28,419.0947116,1978.997024,333.4191108,,,,
2020-01-29,419.4881739,1995.511024,333.8528516,,,,
2020-01-30,420.8166274,1985.843721,333.8713138,,,,
2020-01-31,419.2735085,1985.431882,333.7419443,,,,
2020-02-01,419.6523494,1998.681654,333.7634764,,,,
2020-02-02,423.1536161,1984.079208,334.4647848,,,,
2020-02-03,420.7820896,1978.186666,334.1166903,,,,
2020-02-04,420.1895276,1990.252484,333.7565958,,,,
2020-02-05,422.0425813,1982.705234,333.9331113,,,,
2020-02-06,421.1555288,1994.525109,334.8285649,,,,
2020-02-07,419.9741958,1984.166411,334.4822594,,,,
2020-02-08,422.2274231,1972.652829,334.468987,,,,
2020-02-09,420.1987955,1974.000878,333.985386,,,,
2020-02-10,421.6805031,1973.43389,333.426408,,,,
2020-02-11,421.3271957,1979.414802,334.537941,,,,
2020-02-12,,2001.358297,333.4022284,,,,
2020-02-13,,2014.445567,333.0754278,,,,
2020-02-14,,2029.260223,332.5512071,,,,
2020-02-15,,1995.058812,332.512879,,,,
2020-02-16,424.239497,1996.101346,333.1086604,,,,
2020-02-17,421.3305967,1975.248021,332.94874,,,,
2020-02-18,421.1243597,1948.728614,332.9314824,,,,
2020-02-19,418.6945346,1949.229424,332.8923161,,,,
2020-02-20,419.7158728,1950.368973,332.5605816,,,,
2020-02-21,419.7898578,1970.224679,332.5635585,,,,
2020-02-22,,1967.234409,332.6584011,,,,
2020-02-23,420.6802031,1972.993504,334.8317897,,,,
2020-02-24,421.7899983,1975.844516,333.6052111,,,,
2020-02-25,421.8990033,1983.512458,333.8377988,,,,
2020-02-26,421.4153328,1978.17378,333.8656842,,,,
2020-02-27,421.0222663,1972.83999,334.0019851,,,,
2020-02-28,420.9484745,1974.087652,334.0681151,,,,
2020-02-29,422.7502073,1976.077091,334.6007945,,,,
2020-03-01,421.4806781,1973.30975,333.2911256,,,,
2020-03-02,420.1846131,1980.279056,332.9656619,,,,
2020-03-03,421.83372,1991.143884,333.148959,,,,
2020-03-04,421.2609647,2017.884393,332.9467938,,,,
2020-03-05,,2011.585648,332.9002821,,,,
2020-03-06,,1989.953399,332.7521035,,,,
2020-03-07,420.8422607,1982.291226,332.9615909,,,,
2020-03-08,421.7755599,1964.324489,332.2781101,,,,
2020-03-09,420.1051167,1968.421235,333.2151886,,,,
2020-03-10,420.6582568,1988.676229,332.3645062,,,,
2020-03-11,421.7002152,1985.022399,332.4796012,,,,
2020-03-12,423.4902796,1983.026162,332.2840235,,,,
2020-03-13,423.9831249,1969.875717,332.7290687,,,,
2020-03-14,420.6795894,1989.441986,334.5607746,,,,
2020-03-15,422.4844269,1980.697445,332.5326134,,,,
2020-03-16,421.35672,1989.694272,332.765712,,,,
2020-03-17,,1978.590113,332.7183721,,,,
2020-03-18,424.1652638,1987.39531,332.5362564,,,,
2020-03-19,423.7624865,1978.469893,333.2819794,,,,
2020-03-20,422.7066809,1983.818489,332.7207623,,,,
2020-03-21,422.2661979,1973.75596,332.7909672,,,,
2020-03-22,421.7412449,1972.31316,332.4726862,,,,
2020-03-23,422.2573515,1981.957094,334.2556018,,,,
2020-03-24,422.5555102,1974.815088,334.7900738,,,,
2020-03-25,422.102308,1967.631883,334.0361315,,,,
2020-03-26,422.9097825,1964.645916,334.5925699,,,,
2020-03-27,421.499232,1968.233829,335.5096908,,,,
2020-03-28,421.2148132,1968.902532,334.5776199,,,,
2020-03-29,421.0475722,1963.768871,334.2193559,,,,
2020-03-30,420.3834518,1961.058702,334.6189639,,,,
2020-03-31,,1966.998121,334.9763109,,,,
2020-04-01,423.2360788,1970.658376,334.5716696,,,,
2020-04-02,422.598506,1968.221472,334.7851638,,,,
2020-04-03,422.5227137,1970.499274,334.8899086,,,,
2020-04-04,420.7857144,1971.584915,334.6340566,,,,10.03909091
2020-04-05,421.4923858,1974.903124,335.3902721,,,,10.15385
2020-04-06,421.5539553,1978.030769,334.6995556,,,,
2020-04-07,423.0189163,1970.642784,334.6491772,,,,10.33145
2020-04-08,422.3368551,1974.52572,334.350943,,,,10.09721538
2020-04-09,422.5964415,1971.100429,334.6235804,,,,9.999570588
2020-04-10,422.5081818,1968.426259,335.3580567,,,,10.05011
2020-04-11,421.853561,1966.6325,334.8075163,,,,9.907758333
2020-04-12,421.8183009,1961.529518,334.9619942,,,,10.24314615
2020-04-13,420.7585719,1958.062269,334.980312,,,,10.24022
2020-04-14,421.6700357,1969.076867,335.753379,,,,10.15303636
2020-04-15,422.4156992,1959.924306,336.0223312,,,,10.19561667
2020-04-16,421.5963392,1960.185387,336.3627158,,,,10.15934
2020-04-17,,1961.129789,336.5344925,,,,10.21266471
2020-04-18,422.2272915,1961.701513,335.1132135,,,,10.34053636
2020-04-19,421.6685061,1958.809398,335.8137991,,,,10.390465
2020-04-20,,1963.540943,335.2061629,,,,10.33115333
2020-04-21,423.0725831,1966.703801,334.9354062,,,,10.25718125
2020-04-22,422.2461128,1970.221707,335.2390798,,,,10.25955385
2020-04-23,423.3981133,1967.217023,335.1041144,,,,10.267525
2020-04-24,422.6604214,1984.41042,335.3150202,,,,10.40032308
2020-04-25,422.3065761,1967.714549,336.5115934,,,,
2020-04-26,422.5393256,1959.768003,336.0779101,,,,10.31308
2020-04-27,422.2134422,1966.635378,336.5339141,,,,10.25854
2020-04-28,423.355211,1985.743785,335.0540213,,,,10.25668
2020-04-29,424.017795,1990.270737,335.1198517,,,,
2020-04-30,,2000.479027,335.097928,,,,
2020-05-01,421.4663837,1991.681441,334.6310834,,,,
2020-05-02,421.8007824,1945.191308,334.7317948,,,,
2020-05-03,421.7737036,1964.700861,335.1796043,,,,10.42610714
2020-05-04,422.7139151,1965.769066,335.0173542,,,,10.37237857
2020-05-05,421.8705523,1961.364358,334.3339521,,,,10.23328
2020-05-06,421.9723053,1964.260071,337.428093,,,,10.34007368
2020-05-07,420.500077,1957.077323,335.3080577,,,,10.21248
2020-05-08,421.7019485,1952.933072,335.6555125,,,,10.276025
2020-05-09,421.8895485,1973.26854,336.0932249,,,,10.35548889
2020-05-10,,1990.148683,335.3474199,,,,10.39595
2020-05-11,420.8953423,1989.863313,335.1507213,,,,10.5764
2020-05-12,,1965.868227,335.0341479,,,,
2020-05-13,420.5282866,1968.939278,334.4974775,,,,10.22664545
2020-05-14,,1966.560455,335.2478772,,,,10.5321
2020-05-15,419.3681971,1959.81352,335.9067125,,,,10.52863333
2020-05-16,,1963.368326,334.3204632,,,,10.51092
2020-05-17,,1968.57976,335.2896488,,,,10.44622308
2020-05-18,,1963.871662,336.6882482,,,,10.3485
2020-05-19,419.1038024,1952.063091,335.9759182,,,,10.44774286
2020-05-20,418.5745167,1952.173702,335.4875779,,,,10.29433529
2020-05-21,,1952.143584,335.4838622,,,,10.23634706
2020-05-22,,1952.06844,335.3118353,,,,10.38613
2020-05-23,,1964.741135,335.4027869,,,,10.20808667
2020-05-24,,1981.727025,335.1316158,,,,10.60508571
2020-05-25,,1994.283637,334.9190775,,,,
2020-05-26,,1958.696029,334.8593008,,,,
2020-05-27,,1952.836757,334.8363705,,,,10.3388
2020-05-28,,1953.34991,336.4421782,,,,10.43582857
2020-05-29,420.2640596,1951.451309,335.1137515,,,,10.37522
2020-05-30,,1962.085973,335.4590113,,,,10.40503077
2020-05-31,422.5923173,1986.761481,335.6599801,,,,10.569
2020-06-01,,1968.480476,334.5268758,,,,
2020-06-02,414.7974346,1990.933436,335.1167658,,,,10.53501429
2020-06-03,,2010.534225,335.1442223,,,,
2020-06-04,,1989.4986,334.9774634,,,,
2020-06-05,,1979.792684,335.0775617,,,,10.6788
2020-06-06,,1977.806893,334.7971923,,,,10.39849
2020-06-07,411.7148838,1987.659896,334.8486042,,,,10.374395
2020-06-08,410.8947802,1927.630114,335.5573361,,,,10.484045
2020-06-09,,1930.958161,336.2732521,,,,10.5612
2020-06-10,,1899.979466,336.1283249,,,,10.47177
2020-06-11,,1975.533509,336.2648218,,,,
2020-06-12,,1979.14913,336.100911,,,,10.56312222
2020-06-13,,1973.750561,336.0127009,,,,10.65056471
2020-06-14,,1967.899593,334.5852438,,,,10.6241
2020-06-15,410.6829085,1967.98244,335.1937178,,,,10.62482727
2020-06-16,403.0075944,1963.271902,334.8757921,,,,10.36214118
2020-06-17,403.8194031,1955.364011,334.9017706,,,,10.36622105
2020-06-18,,1957.383427,335.0628634,,,,10.35400588
2020-06-19,,1964.751577,335.3519112,,,,10.46496
2020-06-20,406.4404271,1975.593517,336.569361,,,,10.485135
2020-06-21,405.4202951,1964.372942,336.1621966,,,,10.36429
2020-06-22,405.6914887,2010.91945,335.8089663,,,,10.462525
2020-06-23,,1948.94561,334.3494333,,,,10.56408
2020-06-24,,1962.937575,334.8777574,,,,10.54146
2020-06-25,,1959.79096,334.6981887,,,,10.69405833
2020-06-26,,1951.198782,335.052999,,,,
2020-06-27,,1950.860831,334.9514232,,,,
2020-06-28,,2020.965428,334.5056638,,,,
2020-06-29,,1904.051138,334.8713558,,,,10.62518
2020-06-30,,1956.053399,334.8466626,,,,10.61735714
2020-07-01,407.3761135,1976.562782,334.7364975,,,,10.43755789
2020-07-02,405.8724259,1972.496195,335.1372477,,,,10.46859
2020-07-03,,1957.352395,335.3811573,,,,10.46444
2020-07-04,,1950.352025,336.3085508,,,,10.473415
2020-07-05,,1948.556703,335.8244302,,,,10.44232778
2020-07-06,,1944.977827,335.5754853,,,,10.49244286
2020-07-07,,1937.413479,334.7237408,,,,
2020-07-08,,1955.167697,335.4471512,,,,
2020-07-09,,1883.634928,335.3555786,,,,
2020-07-10,,1965.101732,336.2946501,,,,10.40422778
2020-07-11,,1983.493556,336.0060554,,,,10.42235
2020-07-12,,1922.861603,335.7688862,,,,10.396505
2020-07-13,,2016.106272,335.259844,,,,10.39778
2020-07-14,,1891.121435,336.2604964,,,,10.343475
2020-07-15,,1888.669668,336.1913301,,,,10.43125
2020-07-16,,1877.697523,333.4633682,,,,10.372195
2020-07-17,,1883.889544,335.1319584,,,,10.39232
2020-07-18,,1925.56193,335.0666328,,,,10.32765
2020-07-19,,1859.517953,335.0457426,,,,10.514025
2020-07-20,419.3431493,1859.20202,335.0449871,,,,10.52360667
2020-07-21,,1884.332842,335.6624285,,,,10.52877143
2020-07-22,,1911.97898,334.8770519,,,,10.47325333
2020-07-23,,1922.581794,334.7054493,,,,10.56107059
2020-07-24,,1912.484596,334.0761873,,,,10.55165385
2020-07-25,,1990.382662,334.9083006,,,,10.61902
2020-07-26,,1918.306894,335.4205032,,,,10.50645
2020-07-27,,1921.813234,335.6371722,,,,
2020-07-28,,1921.380515,335.1325368,,,,10.63228333
2020-07-29,,1991.927331,335.6315915,,,,10.50845
2020-07-30,,1986.639048,336.0664555,,,,10.49970833
2020-07-31,,1970.346396,335.495503,,,,
2020-08-01,,1944.482778,335.9880147,,,,
2020-08-02,,1924.872826,336.4497524,,,,10.42078462
2020-08-03,,1915.499964,335.461121,,,,10.31825333
2020-08-04,,1886.708941,335.2071052,,,,10.36896
2020-08-05,414.7634038,1884.055318,334.7595955,,,,10.48972667
2020-08-06,414.3782691,1903.046882,334.4552734,,,,10.2934
2020-08-07,,1926.985874,334.6773743,,,,10.50806
2020-08-08,,1968.799173,335.5480911,,,,10.59040526
2020-08-09,413.8700438,1968.97943,335.3390684,,,,10.30401667
2020-08-10,413.615091,1948.675753,334.8107218,,,,10.01709
2020-08-11,415.3793168,2030.180637,334.5673591,,,,10.27165
2020-08-12,,2008.763602,335.6763298,,,,
2020-08-13,,1920.059762,335.9482252,,,,
2020-08-14,,2087.070784,334.64976,,,,10.47854
2020-08-15,,2058.880041,334.5995502,,,,10.7389
2020-08-16,,2048.395898,335.1168395,,,,10.52615
2020-08-17,,2008.615561,335.1862557,,,,10.6413
2020-08-18,,1978.015458,335.5309633,,,,
2020-08-19,,1994.591808,335.5942843,,,,
2020-08-20,,2001.145678,335.5620211,,,,10.549425
2020-08-21,,1983.663497,335.6249211,,,,10.57813333
2020-08-22,,2025.474043,336.5460467,,,,10.43484
2020-08-23,,2010.812007,336.6901158,,,,10.45848
2020-08-24,,2014.399813,336.1009037,,,,10.618375
2020-08-25,,1995.364192,335.6328075,,,,10.56113333
2020-08-26,,1999.327649,335.3306895,,,,10.55388571
2020-08-27,412.9349204,2015.224758,334.5085103,,,,10.33314
2020-08-28,411.8187589,2002.833947,334.82548,,,,10.31488
2020-08-29,,1987.77239,335.0741558,,,,10.55424
2020-08-30,,1984.275702,336.4103562,,,,
2020-08-31,,1970.088222,334.9920328,,,,10.40809
2020-09-01,,1975.005549,334.5462718,,,,10.307455
2020-09-02,,1971.903695,334.6509674,,,,10.412
2020-09-03,411.6453457,1959.497404,334.6609425,,,,10.48992222
2020-09-04,411.2327869,1963.408615,334.4065589,,,,10.7317
2020-09-05,,1985.146501,334.4041868,,,,
2020-09-06,410.662693,1975.400392,334.4847007,,,,10.7003625
2020-09-07,414.504361,2019.756811,334.8350457,,,,10.44892667
2020-09-08,414.5346908,2042.805203,334.5566354,,,,
2020-09-09,,1992.863788,334.5680988,,,,
2020-09-10,,1985.815486,334.2714851,,,,
2020-09-11,,1989.812959,334.2522215,,,,
2020-09-12,409.6842859,1986.919998,334.5166213,,,,10.61957
2020-09-13,,1987.868606,334.2134556,,,,10.28249
2020-09-14,,1977.432908,334.2071458,,,,10.3862
2020-09-15,,1969.720502,333.6275931,,,,10.54518889
2020-09-16,,1970.965686,333.5850936,,,,10.504375
2020-09-17,,1988.34283,334.6364344,,,,
2020-09-18,,1998.653239,333.9709012,,,,10.66505
2020-09-19,,1992.815292,334.0065348,,,,10.67873333
2020-09-20,415.9905661,1987.478104,335.6438525,,,,10.45776
2020-09-21,,1996.602394,334.3843937,,,,10.41284
2020-09-22,,2003.139621,334.7911299,,,,10.408345
2020-09-23,414.9836377,1998.498613,334.8982054,,,,10.46768947
2020-09-24,413.7348313,1991.892566,335.2710007,,,,10.494455
2020-09-25,413.5388118,1980.15243,333.7063974,,,,10.45659
2020-09-26,411.8355639,1969.070711,334.2225371,,,,10.31387895
2020-09-27,409.8823639,2003.688813,333.8548179,,,,10.33297
2020-09-28,410.3892564,1996.156387,333.9403514,,,,10.374305
2020-09-29,410.1283527,1972.170966,333.419561,,,,10.358645
2020-09-30,,1972.365115,333.8990794,,,,10.38694737
2020-10-01,414.7906482,1967.781442,333.792884,,,,10.45676364
2020-10-02,413.4132222,2013.995768,333.8276044,,,,
2020-10-03,,1995.26485,334.1943748,,,,
2020-10-04,,1995.652511,335.8043738,,,,
2020-10-05,415.6708468,1987.226138,334.0288365,,,,
2020-10-06,414.7925147,1995.21324,334.0543519,,,,
2020-10-07,414.386589,2000.092755,335.3115374,,,,
2020-10-08,413.1150721,2004.28664,335.459553,,,,
2020-10-09,413.2604228,1999.070324,335.0098897,,,,
2020-10-10,412.6459773,2050.133806,334.3106373,,,,
2020-10-11,411.7453394,1995.344573,334.1342323,,,,
2020-10-12,411.5909195,1995.268426,334.2523866,,,,
2020-10-13,416.809011,1984.747757,334.0831552,,,,
2020-10-14,416.5487022,1965.581762,334.1712311,,,,
2020-10-15,414.8947233,2007.455146,334.585483,,,,
2020-10-16,415.0113898,1984.755943,333.9619884,,,,
2020-10-17,417.8210852,1982.391407,334.1463963,,,,
2020-10-18,418.7360575,2027.120799,334.1634646,,,,
2020-10-19,419.5117246,1997.971613,334.4603634,,,,
2020-10-20,419.6098566,1980.680411,335.0635759,,,,
2020-10-21,417.8060624,1967.441197,334.9195081,,,,
2020-10-22,,2043.85245,334.3464046,,,,
2020-10-23,418.8576698,1994.990556,334.9921574,,,,
2020-10-24,,1993.124954,335.31256,,,,
2020-10-25,416.674407,1984.047133,335.1388285,,,,
2020-10-26,416.7374869,1977.681087,335.2872901,,,,
2020-10-27,417.2699605,1974.392968,334.514839,,,,
2020-10-28,,1980.493206,334.1183379,,,,
2020-10-29,420.5612292,1994.001824,334.3273167,,,,
2020-10-30,419.1225282,1993.515458,334.3796376,,,,
2020-10-31,419.2386858,1983.558671,334.1018072,,,,
2020-11-01,419.3253524,1981.232502,334.3373349,,,,
2020-11-02,,1977.990822,334.77427,,,,
2020-11-03,,1969.461026,334.1376846,,,,
2020-11-04,417.9767374,1966.292495,334.3848599,,,,
2020-11-05,418.4374462,1971.199715,334.3080268,,,,
2020-11-06,,1971.040559,334.1993286,,,,
2020-11-07,,1977.661849,334.4732441,,,,
2020-11-08,,2080.910515,334.2776785,,,,
2020-11-09,,1976.208277,334.7168071,,,,
2020-11-10,419.2739136,1974.371286,334.912871,,,,
2020-11-11,419.1131624,2030.818346,334.5707952,,,,
2020-11-12,,2037.372882,334.9519125,,,,
2020-11-13,,2003.547392,334.6120689,,,,
2020-11-14,417.8769649,1986.593607,334.1981192,,,,
2020-11-15,,1993.993272,334.590204,,,,
2020-11-16,,1994.139709,334.0312142,,,,
2020-11-17,417.0438779,1989.49576,334.4801148,,,,
2020-11-18,,1988.335509,334.7834793,,,,
2020-11-19,419.4106294,1997.681729,334.4319943,,,,
2020-11-20,,1984.409329,334.8416768,,,,
2020-11-21,419.2205447,1983.409166,334.7672658,,,,10.72818261
2020-11-22,419.7246053,1981.798871,334.4805455,,,,10.7256
2020-11-23,419.2987692,1990.510649,334.2525301,,,,10.72463333
2020-11-24,419.8714745,2035.497644,334.6685979,,,,10.724675
2020-11-25,419.1973825,2021.04918,334.5129472,,,,10.74444
2020-11-26,421.2352362,1991.247208,334.3651396,,,,
2020-11-27,422.3781998,2030.186045,334.8167206,,,,
2020-11-28,420.681908,2035.640175,334.3500162,,,,
2020-11-29,419.027846,2033.265924,335.4636379,,,,
2020-11-30,418.7203034,2020.628436,334.5695615,,,,
2020-12-01,418.6084136,2009.361624,334.5049156,,,,
2020-12-02,418.1916533,1987.031178,333.9237078,,,,
2020-12-03,417.0811964,1983.701532,336.3603156,,,,10.68599231
2020-12-04,418.1718506,1982.676024,335.1965911,,,,10.76026818
2020-12-05,418.900679,1978.384136,334.4484699,,,,10.73598235
2020-12-06,419.6613528,1984.568032,334.4410734,,,,10.7734
2020-12-07,,1994.837245,334.3019167,,,,
2020-12-08,419.2612853,1980.499464,334.2723857,,,,10.78051579
2020-12-09,418.7255256,2002.605568,333.9026738,,,,10.71349091
2020-12-10,420.1144894,1989.472899,333.4373527,,,,10.8212
2020-12-11,,1987.297812,333.870362,,,,
2020-12-12,421.203897,2011.080062,334.3930891,,,,10.80775
2020-12-13,419.5997663,1995.533918,334.9049622,,,,10.801025
2020-12-14,420.7068455,2005.357023,334.3875557,,,,10.70539167
2020-12-15,420.9716347,2011.719947,334.2035249,,,,10.77261538
2020-12-16,420.5889507,1992.626439,334.6205503,,,,10.78477619
2020-12-17,420.6038491,1991.772865,334.4416275,,,,10.75933
2020-12-18,420.6663379,2005.503308,334.5052324,,,,10.8177
2020-12-19,419.8223124,1994.088543,334.5544501,,,,10.74606364
2020-12-20,419.5313714,2005.855895,334.4794759,,,,10.72140455
2020-12-21,419.0341263,1996.591446,334.984249,,,,10.76766923
2020-12-22,421.9039324,1995.169627,335.1074098,,,,
2020-12-23,,1997.270743,335.0019919,,,,
2020-12-24,,1976.005922,335.1572023,,,,10.74425
2020-12-25,421.1460608,2007.657361,335.2505574,,,,10.74170417
2020-12-26,,2002.424766,334.9518583,,,,10.85715
2020-12-27,,1986.817905,335.2874683,,,,
2020-12-28,,1972.979801,335.6183549,,,,
2020-12-29,,2013.09823,335.6439998,,,,
2020-12-30,423.0978124,1997.079958,336.0568525,,,,10.76509444
2020-12-31,420.8949636,1998.955879,335.7104725,,,,10.71885417
2020-01-02,430.7677563,2057.735388,334.666683,,499.8743556,69.05985,
2020-01-03,,2062.049548,334.733846,,499.73575,68.42037143,
2020-01-04,,,334.713359,226.9871333,499.4629833,68.4913125,
2020-01-05,,2013.029433,333.9807991,227.1709938,499.2682706,68.27283684,
2020-01-06,428.5970713,2041.853334,335.411251,,499.4761267,67.895535,
2020-01-07,429.5452181,2042.067935,335.2313326,226.7794,499.1696,67.87695714,10.5037
2020-01-08,428.5838739,,334.0443481,225.9316,499.7353333,68.231,
2020-01-09,427.2353377,2024.327802,333.9690467,227.1964286,499.7705867,68.52714118,
2020-01-10,423.3227824,2029.549915,334.4279292,227.4655143,499.7487833,68.004755,
2020-01-11,422.4772435,1996.221715,333.9698356,226.7028882,498.8906474,68.16503529,10.40683333
2020-01-12,420.6097506,1978.392982,333.2610515,226.776885,498.746525,68.2681,10.448775
2020-01-13,419.9118489,1976.699272,333.2615847,226.38671,498.11107,67.71858,10.37927778
2020-01-14,425.1515855,2005.658167,334.0742848,226.73554,498.7815842,68.26824,10.42812857
2020-01-15,422.6804335,1991.686916,333.3372424,226.74359,498.95658,67.90664211,10.47705
2020-01-16,422.6711708,1996.727681,333.946022,226.9117533,499.0212444,67.91359474,10.42247143
2020-01-17,422.7328784,2005.400387,333.9943514,226.7152714,499.0755545,68.12508333,10.40525714
2020-01-18,421.7981993,1983.923848,333.9357615,226.629915,498.4113,68.24856316,10.38058889
2020-01-19,426.3544996,2087.676965,335.7058043,227.4127333,499.4784333,68.06439167,
2020-01-20,422.4018549,1998.63034,333.865495,226.7736083,498.9050437,68.05806,10.39656667
2020-01-21,421.5276829,2025.005361,333.8513225,226.9928846,498.8474778,68.4696,10.4842
2020-01-22,,,336.5865267,,499.5204,67.42943684,
2020-01-23,,2054.051574,334.9923835,227.52945,499.74999,67.369125,
2020-01-24,,2063.671452,335.1421827,227.37242,499.9137833,68.46617778,
2020-01-25,,,336.6129616,227.0243,500,68.567525,
2020-01-26,420.4672508,2019.254792,335.6434267,227.08867,499.5887091,68.36339333,
2020-01-27,420.8798404,1983.051092,333.5757814,226.380285,498.122685,68.13959,10.4524
2020-01-28,,2027.982249,333.9107134,227.02886,499.0490778,68.21689167,10.4395
2020-01-29,423.0452566,2008.290602,334.1003287,226.5585467,498.408295,68.14344,10.37426667
2020-01-30,428.7648563,2024.230805,334.674398,226.7936,499.6859,67.83765,10.4034
2020-01-31,426.4390969,2024.043963,334.2545039,226.6902385,499.5901105,68.01384,10.3956
2020-02-01,423.0579994,2046.66888,334.6703742,226.969375,499.3202846,67.93393333,10.40374
2020-02-02,424.9162229,2039.868797,334.5552016,227.0022273,499.7130588,68.20526,10.435915
2020-02-03,421.6180638,1988.381571,333.7745141,226.425155,498.76032,68.28888889,10.40195
2020-02-04,421.5670469,1994.471675,333.7936963,226.478095,498.4234526,67.520915,10.4024375
2020-02-05,421.5347607,1985.581932,333.7530062,226.005975,498.055055,67.91097,10.37969474
2020-02-06,,2007.614204,333.5650562,226.4844412,498.709185,67.57844211,10.38642
2020-02-07,422.4901889,2000.312835,333.8013731,226.5234158,498.80291,68.52293571,10.4321
2020-02-08,421.3243854,1997.192286,333.3505888,226.3924125,499.219765,68.27404375,10.40266875
2020-02-09,421.2682688,1971.751398,333.2067667,226.21979,498.462955,67.88374,10.360935
2020-02-10,,2081.201474,336.0319144,225.9941,499.1783,68.31402778,10.388
2020-02-11,428.7883211,2026.381237,334.5580367,226.84962,499.2968316,68.07446,
2020-02-12,,,336.9685049,227.0373,499.63976,67.844115,
2020-02-13,425.4218158,2011.90151,335.0193409,226.8573889,499.242425,68.32448,
2020-02-14,,2086.746698,336.4978547,,499.608375,68.14664667,
2020-02-15,,,338.1700758,,499.3431,67.817175,
2020-02-16,422.8815893,1995.245445,333.263941,226.48842,498.8684278,67.68892222,10.42360769
2020-02-17,422.452694,1990.341194,333.4236865,226.4968333,498.61968,67.857985,10.401805
2020-02-18,422.900364,1990.105198,333.6815088,226.345995,498.657455,68.10802,10.415235
2020-02-19,423.7981467,1991.280966,334.536232,226.462275,498.35271,68.320305,10.43264118
2020-02-20,,,334.1620061,226.5492077,498.2674444,67.602665,10.4616375
2020-02-21,428.2088711,2018.443982,334.9741904,226.0508333,498.7981263,68.23108235,
2020-02-22,421.2249362,2010.2369,335.0803056,226.1093571,498.412075,68.15763846,10.41748
2020-02-23,419.8657001,1962.938027,333.6035459,225.895165,498.10255,67.95722,10.40786875
2020-02-24,420.6775405,1969.138262,333.9231064,226.237745,498.119845,67.85025,10.38061333
2020-02-25,427.2858153,2014.568368,335.149844,226.7331,498.6501867,67.99664,10.42193333
2020-02-26,426.7379687,2014.744551,334.7677695,226.78,498.4112111,68.15047,10.444875
2020-02-27,,2016.503706,334.9827909,,,,10.431275
2020-02-28,,,337.1419302,,,,
2020-02-29,424.2110194,2042.519503,336.1195079,,,,10.4246
2020-03-01,425.9756726,2008.73826,334.6816546,,,,10.4687
2020-03-02,424.6107611,2004.349804,334.4706962,,,,10.42035
2020-03-03,423.5888582,1998.744664,334.9497811,,,,10.43565556
2020-03-04,425.7294691,2014.888062,334.1382624,,,,10.43315
2020-03-05,424.2778851,2002.61056,334.8419977,,,,10.44265714
2020-03-06,422.3202077,1992.552436,334.7951001,,,,10.4841
2020-03-07,,,335.8772885,,,,
2020-03-09,,2032.59331,335.9851424,,,,
2020-03-10,424.6727031,2001.802395,334.4548853,,,,10.434
2020-03-11,423.0618638,1991.766947,,,,,10.40568333
2020-03-12,424.602305,2002.15259,334.133634,224.453,498.57692,68.36562,10.449675
2020-03-13,422.1984717,1981.47381,333.7325253,224.9968632,498.6178,68.711465,10.38792727
2020-03-14,422.9584059,1983.965272,334.4501888,224.4273667,498.6521263,68.19770625,10.42759231
2020-03-15,422.5187857,1986.524608,333.8892825,224.2861071,498.174265,68.34486842,10.42012727
2020-03-16,422.2926982,1993.482145,333.4034994,223.98792,497.295345,68.18298333,10.38595294
2020-03-17,422.9045115,1991.854488,334.4021899,224.1918333,498.103455,68.35700769,10.41658
2020-03-18,424.5832281,2014.051502,335.2937311,225.08518,498.7476308,68.73506667,
2020-03-19,422.6012176,1989.564083,334.3499561,224.1914182,498.3910647,68.3585,10.38024444
2020-03-20,423.3776586,1982.064653,334.0064077,224.4154818,498.3498909,68.09404,10.43602353
2020-03-21,421.6613039,1974.17032,334.0763969,224.705315,498.408895,68.5938,10.47038
2020-03-22,424.1190578,1977.589776,334.1710181,224.4225529,498.47431,68.15446364,10.43535556
2020-03-23,425.2227783,1992.937117,334.6750995,224.5923083,498.3474,68.46263333,10.4918
2020-03-24,,2006.634645,335.7378565,224.9608333,499.143665,68.70853571,
2020-03-25,426.8319924,1996.13521,336.3703166,225.21762,498.52076,68.51204615,
2020-03-26,426.4825964,2024.28823,336.4264781,225.05005,499.260325,68.75268,
2020-03-27,421.4907664,1981.96688,334.6596962,224.2338333,499.1414833,68.34035,10.4233
2020-03-28,422.7739686,1976.051526,334.0855778,224.4928235,498.8209154,68.32492353,10.42189167
2020-03-29,425.1107535,2008.779143,334.9790106,224.4168182,498.80123,68.43222857,10.52123333
2020-03-30,422.7595498,1985.941163,334.3298273,224.5596,498.9417933,68.531775,10.48715
2020-03-31,421.9738518,1979.455362,334.2437679,224.7605636,498.320895,68.5211,10.538
2020-04-01,422.3564588,,334.0992679,224.0872,498.6985529,68.34355556,10.4593625
2020-04-02,424.5839713,1992.104393,334.7183733,224.6281875,498.5685,68.60992632,10.398
2020-04-03,427.1423582,2011.125826,334.9476853,,498.8722889,68.41843333,10.52295
2020-04-04,422.1150863,1976.708435,334.3613389,223.86858,498.8973,68.41466,10.31029091
2020-04-05,421.671754,1970.309947,334.266332,223.90588,498.510825,68.1502,10.36644737
2020-04-06,422.9339419,1971.429677,334.1302995,224.19466,498.41564,68.021945,10.41897647
2020-04-07,421.7941928,1971.159825,333.910504,225.00734,498.9925313,68.53631875,10.40211667
2020-04-08,422.7916037,1973.682242,334.0686111,224.20469,498.70532,68.2571,10.40724
2020-04-09,424.006909,1979.409495,334.3591946,224.137075,498.5745,67.969675,10.4354
2020-04-10,424.9614655,1982.381723,335.0219973,224.416865,498.6079,68.057335,10.47674
2020-04-11,424.7618118,1976.694906,334.6558981,224.4489,498.5092579,68.228545,10.41276667
2020-04-12,426.7048969,1992.161994,335.2271703,224.62788,498.5032857,68.067985,
2020-04-13,423.5401493,1973.478965,334.7091737,224.3219471,498.8359,68.11958,10.418225
2020-04-14,426.5032954,1986.794802,334.9026596,224.50996,498.6058267,67.942925,10.48446
2020-04-15,425.3335105,1978.522077,335.1061247,,499.4502,,
2020-04-16,424.174244,1995.40027,334.9069825,224.4316143,498.4229375,67.89063333,
2020-04-17,421.6536794,1979.212462,334.4382915,224.9353714,498.6256333,68.11654545,
2020-04-18,426.146819,1982.004441,334.6047721,223.9546571,498.1203,68.27751111,
2020-04-19,426.465487,2006.481966,336.4651186,224.1079,498.3382667,68.27143,
2020-04-20,424.0169845,1981.71407,334.8755545,224.16635,498.0519368,68.299095,10.448825
2020-04-21,422.0108072,1960.887561,334.2611652,223.58102,497.6359,68.177035,10.43595789
2020-04-22,422.2733778,1965.41891,333.4765088,223.459295,497.606105,68.0581,10.43335263
2020-04-23,424.2483942,1975.445099,334.1651118,223.8937125,497.56302,68.00715,10.54004
2020-04-24,422.1345897,1965.89067,334.2190203,223.89639,497.505785,68.33312857,10.45176
2020-04-25,423.7371185,1995.867315,334.5227509,224.3893167,497.69015,68.238,10.574175
2020-04-26,423.3218871,1969.768496,334.4098167,223.99532,496.96256,68.24541,10.50025333
2020-04-27,424.9475718,1975.510276,334.9599359,224.77905,497.4234,68.25354,
2020-04-28,424.1183967,1980.303586,,224.331725,496.577475,68.676075,
2020-04-29,423.4508662,1975.192404,,223.8889813,496.471995,68.35055294,10.50456667
2020-04-30,421.9922643,1971.807144,,223.882705,496.26421,68.379165,10.55828889
2020-05-01,420.0941231,1974.843265,,224.0779,497.001415,68.721775,
2020-05-02,420.6901685,1981.336658,,223.9787263,496.872505,68.44246842,
2020-05-03,425.1953535,2000.418178,,224.6247235,496.933,68.78585,
2020-05-04,424.5247033,1985.754826,335.1858064,224.15499,496.64562,68.397495,10.43643
2020-05-05,424.0702887,1995.683389,334.9851011,224.139825,496.972425,68.26639474,10.53086
2020-05-06,,2034.994067,336.3558971,224.3327,498.1771667,68.47156,
2020-05-07,422.9294961,1984.699227,335.2562337,223.6546812,496.784285,68.22266667,10.59083333
2020-05-08,421.9466152,1997.179013,334.9602802,224.04478,496.7088158,68.20312143,
2020-05-09,424.9674761,1973.995266,334.9729047,224.1069364,496.97462,68.68094615,10.54628571
2020-05-10,425.3079101,1990.433758,335.3155449,224.7811,497.473555,68.37238333,
2020-05-11,,2049.202547,337.6628005,,498.4421667,,
2020-05-12,423.007269,1986.10375,335.6856211,223.9863,497.6292615,68.2896,10.5654
2020-05-13,421.949027,1966.617815,333.3125978,224.0237,496.412665,68.236725,10.52784
2020-05-14,423.2552667,1982.219407,334.603147,223.7138056,496.55927,68.43725263,10.58426875
2020-05-15,424.1531029,2015.283169,335.7909543,224.3631,496.9244867,68.50896667,
2020-05-16,424.3498743,1986.671453,335.2595272,224.14665,497.2140789,68.53611667,10.7095
2020-05-17,424.7041859,1997.385151,336.2454098,,497.75112,68.75243333,
2020-05-18,426.0798025,2010.619285,337.8068357,,497.01949,,
2020-05-19,420.8046825,1966.723983,334.5883906,224.1843625,496.60347,68.9388,10.58014444
2020-05-20,426.8996907,1986.594482,335.264794,223.88904,496.812495,68.38663158,10.5608
2020-05-21,,2015.320959,336.6120829,224.71,497.230865,68.47032143,
2020-05-22,,,336.2642232,224.3055,497.0482,67.73749,
2020-05-23,419.9785973,1977.632232,335.8813557,224.2925143,496.8772417,66.73509167,
2020-05-24,428.4446688,1979.931689,335.5438082,224.1725429,496.75303,68.13427,
2020-05-25,428.4669575,1990.975472,336.6407482,,497.409575,68.639225,
2020-05-26,424.5706252,2005.997445,336.8722232,,496.9017789,69.20612,
2020-05-27,421.2511455,1972.304969,335.1792538,,496.760555,68.84169474,10.75126667
2020-05-28,422.3727062,1960.191872,335.478214,224.72025,496.7272263,68.91250769,10.76445
2020-05-29,425.1042438,1974.106511,335.5269425,,496.929615,69.05823158,10.76514286
2020-05-30,423.785521,,336.8023773,,497.1982313,69.08783333,
2020-05-31,427.4897558,2025.490321,337.359668,,497.5201,68.43104286,
2020-06-01,419.7159346,1972.565831,334.7561092,224.4531333,496.4859,68.7149,
2020-06-02,423.6875596,2015.087141,335.4484282,224.39485,496.9987,68.90625,10.78868
2020-06-03,424.2979451,2007.443469,335.0286846,224.4065,497.0135667,,
2020-06-04,418.860827,1964.555101,334.2733633,223.2979857,496.7880375,,10.74736
2020-06-05,418.1106311,1956.94327,335.7067107,223.2342692,496.6525313,,10.75725
2020-06-06,,,336.712023,,497.7605429,,
2020-06-07,422.1472961,2009.795306,336.597755,,497.59864,69.47006,
2020-06-08,,,335.3343355,224.615,496.931645,68.01085,
2020-06-09,,,337.625883,,497.2778917,68.82315,
2020-06-10,,,336.8632002,223.0603667,496.8243846,69.0833,
2020-06-11,,,,222.905,496.7948417,69.24488667,10.7253
2020-06-12,420.9843909,,335.6501005,223.83086,496.3866895,68.67346,10.68896667
2020-06-13,,,,,496.8436,69.25854,
2020-06-14,421.6646469,1961.165546,335.2069822,224.1841,497.2310733,69.42732,
2020-06-15,418.3116976,1959.291043,335.6039313,,496.88162,69.13191111,10.73835
2020-06-16,,2031.072895,,,497.4214,,
2020-06-17,,,,,497.2462333,,
2020-06-18,413.5849176,,335.7741532,223.6472778,496.4762412,69.28537,10.76151667
2020-06-19,411.7387527,,337.3009673,,497.2373,69.08063333,
2020-06-20,410.4672235,2027.617667,336.3531126,,497.0496368,69.26471667,
2020-06-21,416.0625203,,336.696327,,497.2580214,69.45379,
2020-06-22,,,335.9462968,,497.2157462,68.92804444,
2020-06-23,,,337.1291356,,496.6287438,68.96571111,
2020-06-24,412.8533302,2028.152811,335.0314736,224.0721917,495.9774105,68.80406842,10.78065
2020-06-25,414.4895003,1997.375394,335.7039915,223.767025,496.4983,68.740725,10.79945
2020-06-26,415.7981173,1984.741935,335.6440518,223.7857,496.3268056,68.70913333,10.758225
2020-06-27,,,336.9210412,,496.8663111,69.49585,
2020-06-28,420.1800173,2058.608278,336.1102006,,496.658,,
2020-06-29,422.6978242,,337.5828513,,496.2023471,69.64351667,
2020-06-30,408.9171545,1999.925584,335.5068804,223.13842,495.6739467,69.18132143,10.64384
2020-07-01,409.6226393,2025.801397,335.4959641,223.40092,495.5605643,68.9573,10.60233333
2020-07-02,417.4776212,,,,496.5065,,
2020-07-03,,,,,496.9848533,68.41947273,
2020-07-04,,,,,496.4206455,69.3424875,
2020-07-05,418.1452956,2052.50828,335.9820951,,496.0056091,69.1381,
2020-07-06,,,336.6902892,223.7066,496.2541684,69.096535,
2020-07-07,411.9618836,2026.974956,335.8046798,223.60655,496.24803,69.255185,
2020-07-08,414.5156452,2052.224955,336.2012141,,495.8291267,69.44420667,
2020-07-09,,,337.9380208,,496.51854,69.72163333,
2020-07-10,,,337.6430754,,496.5067,69.48942727,
2020-07-11,,2078.159428,336.5488203,,496.7116133,69.52211538,
2020-07-12,415.4188582,,337.8666727,223.32765,496.2608,69.06706,
2020-07-13,412.2578775,2019.668165,334.9769905,222.9875923,495.5669444,68.99043529,
2020-07-14,,2030.138572,335.4244282,223.0315333,495.9096933,69.09031579,
2020-07-15,,,335.0681315,222.98875,495.9755263,68.73910556,
2020-07-16,,2005.436995,335.9138484,,496.0678263,68.68184,10.671
2020-07-17,,1983.50164,335.0554187,,495.62577,69.1153,
2020-07-18,,,335.7770796,,495.7850211,68.63923684,
2020-07-19,415.4226329,1944.562584,334.9040575,222.355,496.1573688,68.87323889,10.48296667
2020-07-20,412.7856355,1984.279359,,222.35558,496.22848,69.01678125,10.54638
2020-07-21,413.9666278,2061.54166,,,496.5089063,69.15706,
2020-07-22,409.9770886,,335.6569589,,496.2477,69.3105,
2020-07-23,,2047.041685,336.1496887,,495.6695933,69.27720625,
2020-07-24,413.5627473,2036.482014,335.2228966,223.2543,495.2792158,69.24709444,
2020-07-25,,2035.439401,,,496.32981,69.17498571,
2020-07-26,413.3910091,2010.719251,,222.4512,495.545735,68.942675,
2020-07-27,,,,222.881175,495.2999176,68.7070875,10.5843
2020-07-28,,,336.5458977,,496.2383867,69.49779412,
2020-07-29,414.9429585,,334.5476616,222.4668067,496.14296,69.48301333,10.5613
2020-07-30,415.6947915,1889.942003,334.3584173,222.0372667,495.8856867,69.07205,10.45201111
2020-07-31,414.7405055,1891.729933,334.2946589,221.788365,495.2021,68.82139,10.44553
2020-08-01,414.2219263,1919.598571,334.164078,221.9152895,495.28581,69.11315,10.44192
2020-08-02,414.246009,1868.87029,333.5879286,221.607855,495.31621,68.862355,10.42802
2020-08-03,414.6490802,1870.78512,333.9237363,222.051885,495.74193,68.92888824,10.43962105
2020-08-04,414.8720621,1899.641895,334.0676687,221.986525,495.3287316,68.889135,10.41692
2020-08-05,,,334.7483469,222.32968,495.1700733,69.02156316,10.43348947
2020-08-06,415.0250695,1896.492802,333.903328,222.4463364,495.40298,69.02557778,10.49856429
2020-08-07,,,335.93137,,495.5870125,69.27876667,10.58528
2020-08-08,,,335.0234649,222.6058,496.51046,69.2739,
2020-08-09,413.6030917,1865.883764,333.696688,221.6601789,495.57857,68.91823,10.41613333
2020-08-10,415.2631191,1902.563503,334.1826004,221.7824556,495.145,68.81225,10.28096
2020-08-11,,1910.2193,334.7206789,222.577,496.2136563,69.3726,
2020-08-12,414.7330273,1873.161225,333.7120907,221.10353,494.81786,68.56028,10.41032
2020-08-13,414.1469828,1876.776519,333.5589832,221.88342,495.8301,68.66432,10.53361667
2020-08-14,415.3726884,1909.420747,334.1901779,221.6743231,495.44225,68.77857143,10.52195714
2020-08-15,413.5180149,1874.771523,334.0563408,221.8577333,495.8373278,68.95456923,10.3703625
2020-08-16,413.2228163,1867.868283,333.7578658,221.85027,495.273635,68.848645,10.39613
2020-08-17,412.9809585,1873.146443,333.6661007,221.807735,495.33288,68.970475,10.45381
2020-08-18,413.0630269,1869.270863,,221.68629,495.34001,68.765225,10.449265
2020-08-19,413.7796881,1871.237327,,221.7049235,494.71437,68.74228,10.45569286
2020-08-20,413.7332618,1858.814399,,222.0025833,495.50916,68.934775,10.44603684
2020-08-21,,,,222.1228842,495.58179,68.976225,10.4367
2020-08-22,,,335.0015512,222.4077333,496.4978947,68.83563333,
2020-08-23,,,335.3670653,222.51045,496.32433,69.11074,
2020-08-24,,,336.5694312,,496.4232846,68.76255833,
2020-08-25,,,335.5146829,222.8508,495.9922933,68.823235,10.5748
2020-08-26,413.9907786,1968.176108,335.3864574,,495.88513,68.45704375,
2020-08-27,417.965149,1963.605831,334.7870157,,495.7497625,68.75963333,
2020-08-28,415.616287,1930.48352,334.2185132,221.9887429,495.9052455,69.137725,10.539175
2020-08-29,413.4956582,1890.168029,335.3173136,221.8958,495.9781,68.84911538,10.41936364
2020-08-30,412.8686638,1881.070429,333.5759899,221.3510158,495.139065,68.775345,10.389455
2020-08-31,,,,,496.1290353,69.13192,10.4948
2020-09-01,,,,,495.8500917,68.946325,
2020-09-02,,,,,496.2446,69.06416923,
2020-09-03,411.6456703,1966.793309,334.6267855,222.1938,495.3175786,68.67504737,
2020-09-04,408.8465745,2041.557975,334.1354979,222.73835,495.552465,68.974025,
2020-09-05,,,336.9420717,,496.467,68.83491875,
2020-09-06,,,335.9386926,,495.4912929,68.66963,
2020-09-07,411.3176152,2018.169976,334.87691,,495.4507313,68.97354118,
2020-09-08,412.2277946,2100.756853,336.3084634,,496.4022167,,
2020-09-09,412.1502949,2062.598429,335.7628794,,496.31874,69.4289,
2020-09-10,413.9252166,2071.089176,335.5637473,,496.6545,,
2020-09-11,,,337.8176208,,496.1446444,69.2624,
2020-09-12,418.5722393,2061.280186,335.4614051,,495.441025,69.253075,
2020-09-13,416.218143,2043.973028,334.9242912,222.88095,495.4904222,68.92424737,
2020-09-14,412.1221236,2001.443591,334.2721214,223.1616813,495.333035,69.11718,10.6329
2020-09-15,,2062.450302,335.9062847,,495.1065632,69.049325,
2020-09-16,413.399481,,335.7845815,,495.6438722,69.34360769,
2020-09-17,417.5276852,2028.447866,334.7422273,223.2741,495.239525,68.958475,10.60398
2020-09-18,416.8078502,2017.936272,334.2560221,223.16895,495.03856,68.95119474,10.62726667
2020-09-19,414.7923515,2035.496404,334.857232,,495.6963526,68.88775385,
2020-09-20,414.8135449,2012.748061,334.3108793,223.2375875,495.193495,68.887015,10.62965
2020-09-21,,,335.4051476,223.01108,494.77572,68.9113,10.6532
2020-09-22,,,335.5772577,,,,10.65683333
2020-09-23,420.4138467,2071.981758,335.0685805,,,,10.671
2020-09-24,419.4025669,2053.957256,335.37751,,,,
2020-09-25,420.3268167,2044.084904,335.4340067,,,,
2020-09-26,419.4420239,2037.911245,334.7286144,,,,
2020-09-27,417.2993009,2032.446305,334.8710352,,,,
2020-09-28,,,335.7926825,,496.4878,,
2020-09-29,414.3973048,1988.911832,336.055072,223.6759,495.7461167,69.04613571,
2020-09-30,417.8234202,2013.409616,334.6942236,223.7949,495.6237,69.25078889,
2020-10-01,417.0204556,2006.23753,333.9777605,223.8189,495.32292,69.16155,10.6209
2020-10-02,415.1592557,1985.580104,334.1032387,223.5603143,494.5805632,69.17118421,10.6405625
2020-10-03,415.1917973,,,224.03175,495.76994,69.05733333,
2020-10-05,418.3757641,1998.469137,,222.7722,495.0769,68.40608,10.43230909
2020-10-06,417.4026828,2011.853114,,223.2970375,494.692645,68.43269474,10.47577333
2020-10-07,,2062.510085,,223.523575,495.3016091,68.7440125,10.53245
2020-10-08,416.3506489,2040.904883,335.2868549,223.9925833,494.5116786,68.41985294,
2020-10-09,416.8878782,2022.70716,334.1907122,224.0391714,495.164825,68.66673,
2020-10-10,,2011.907532,334.2466227,223.730675,495.301685,68.77325294,10.5904
2020-10-11,,2049.094374,335.3920593,,495.4446316,68.46944118,
2020-10-12,415.3395263,2004.343609,334.490673,222.9459143,495.26451,68.67103333,10.45675714
2020-10-13,415.1197358,1996.361703,,223.0902611,494.618705,68.31362632,10.42895882
2020-10-14,414.0421048,2002.956217,,223.16322,494.53459,68.307525,
2020-10-15,,2027.499321,,222.8708429,495.47744,68.48996,
2020-10-16,,,336.1494098,223.6149,496.1182778,68.90189333,
2020-10-17,,2011.572612,334.9740532,223.534875,495.7645286,68.709525,10.61205
2020-10-18,421.4894711,2012.865644,335.0208836,224.08328,495.5446211,69.04584,10.61933333
2020-10-19,,2100.293581,337.0176816,,495.8259222,69.21034,
2020-10-20,,,337.5694032,,496.0993143,69.02836667,
2020-10-21,,2079.053895,338.279494,,,68.9658,
2020-10-22,416.9597553,1991.934347,334.573974,223.2937615,494.88502,69.21145,
2020-10-23,419.0946301,2006.151109,333.9704434,223.4318222,495.1175,69.06477,
2020-10-24,418.3536996,2001.965268,333.8493347,,,,
2020-10-25,421.7491578,2005.869803,334.5415661,,,,
2020-10-26,425.2122881,2023.607046,335.9415549,,496.072,,
2020-10-27,425.8847535,2026.19535,335.3078025,,495.75772,68.9347,
2020-10-28,417.1029137,2003.891746,334.756664,223.3078917,495.1856471,68.45306875,10.45614286
2020-10-29,420.1343999,2001.002676,334.4278608,223.4682929,495.193165,68.56708824,10.57506923
2020-10-30,,2053.202045,335.5319825,223.70795,495.8535,68.9343125,10.524925
2020-10-31,421.6905218,2019.632806,335.394674,223.64042,495.0142667,68.242135,
2020-11-01,420.975214,2028.23704,334.8780535,223.3793667,494.6362571,68.14260667,
2020-11-02,420.1794631,2000.890433,334.8045208,223.1323091,495.2255056,68.48948125,
2020-11-03,421.0118777,2005.039436,334.5374095,222.7897176,494.7792778,68.60837778,
2020-11-04,420.6543098,1998.18581,336.7697167,222.9282368,495.3706722,68.13871579,
2020-11-05,,2007.276458,334.8807311,223.154225,495.08964,68.46198947,
2020-11-06,,2054.041309,335.475972,,495.6042636,69.02232727,
2020-11-07,,2063.96202,335.6390303,,495.3370571,69.16885,
2020-11-08,420.6776476,2001.284772,333.8878082,222.6997429,495.2715167,68.39835,
2020-11-09,420.6673546,2010.3908,334.4211606,223.1067588,495.3260368,68.55454167,
2020-11-10,420.9218588,2014.364111,334.1145867,223.4182273,495.7957778,68.46491176,
2020-11-11,422.4823391,2041.540347,335.2187602,223.562925,495.6536722,68.61362308,
2020-11-12,,2077.710102,334.9852924,,496.1267063,68.61330833,
2020-11-13,,2025.453972,335.3818558,223.6572,495.4378125,68.70244545,
2020-11-14,,2042.274343,336.6732551,,495.5593222,68.8328,
2020-11-15,,2042.789323,336.2864746,,496.15244,68.30167143,
2020-11-16,,2058.745297,336.2181821,,496.01335,,
2020-11-17,,,337.2275029,,,,
2020-11-18,423.0584613,1977.245812,334.3477873,223.2990231,495.3452947,69.05995333,
2020-11-19,416.4499437,2009.10454,334.3590667,223.2456444,495.8215214,69.08352857,
2020-11-20,422.1564931,2003.67957,334.0406544,223.0922133,495.352965,69.07054375,
2020-11-21,427.3705169,2036.574541,335.5434115,223.2469,495.6330111,68.86544,
2020-11-22,421.9903502,1996.751487,334.3900386,222.9168937,495.1251,68.81247692,
2020-11-23,422.4964217,2000.406339,334.1822515,223.2176944,495.7577105,68.30985556,
2020-11-24,422.1699515,2000.777702,334.4662409,222.8335286,495.0183632,68.49192941,
2020-11-25,427.9807992,2009.95656,334.4596408,222.969425,495.578675,68.30964286,
2020-11-26,427.8153104,2015.805679,335.2377538,223.2905333,495.5654769,68.95072,
2020-11-27,423.8843825,2005.534167,334.1751714,223.1056615,495.3481133,68.92329286,
2020-11-28,422.2019486,2001.069523,334.1771379,222.850925,495.36968,68.52312,
2020-11-29,422.2438952,1999.446218,334.3542086,222.71155,495.05173,68.77043333,
2020-11-30,421.2489589,2003.317061,334.4233046,222.8247235,494.75475,68.383865,
2020-12-01,,2009.874847,334.8631716,222.8382273,495.5476176,68.57184737,
2020-12-02,421.6587647,1993.21096,334.1820002,222.4747941,495.2866176,68.32953333,
2020-12-03,418.7404475,1984.18324,334.298297,222.7490222,495.66583,68.31679091,
2020-12-04,421.5226965,1999.681246,334.2338534,222.482955,494.7432947,68.497925,
2020-12-05,422.3210575,2002.704243,334.606993,222.6759583,495.294465,68.6808,
2020-12-06,423.6338683,2032.985019,334.8887579,,495.3997526,68.97527273,
2020-12-07,424.1248192,2047.660413,335.0006373,222.5365667,495.5691,69.22266667,
2020-12-08,421.3917784,1992.967411,334.2766732,222.5878438,495.1628167,69.01852667,
2020-12-09,,2020.846254,334.7433866,223.2855111,495.0807211,69.10199231,
2020-12-10,,2037.073186,335.1957007,,495.7535846,69.09055385,
2020-12-11,,2117.695499,336.846248,,496.2835,,
2020-12-12,426.670088,2005.127176,334.3712327,223.1034583,495.82825,69.17237222,
2020-12-13,422.2168534,2012.042898,334.4592584,222.38261,495.0472938,68.9969375,
2020-12-14,421.9698678,2012.736022,333.9847561,222.38173,495.01338,68.77178,
2020-12-15,423.9540853,2018.081125,334.0585548,222.628915,495.0484947,68.65995556,
2020-12-16,421.1788629,2008.460973,334.1110527,222.571235,494.982085,68.57821176,
2020-12-17,,2022.447524,334.5793686,222.79223,495.0207,68.76039091,
2020-12-18,423.0185059,2018.239767,334.5988384,223.2773182,495.5836667,68.95986364,
2020-12-19,422.9035048,2006.376828,334.1660957,222.69452,494.928635,68.28457,
2020-12-20,422.0582894,2003.776265,334.1763115,222.4961588,494.5896706,68.51667647,
2020-12-21,,,335.1453023,223.1893583,495.4552,68.933675,
2020-12-22,423.5383821,2003.299716,334.7093566,223.13807,495.17914,68.96989333,
2020-12-23,429.7533247,2087.562803,335.7402059,,495.9300778,69.4231,
2020-12-24,420.3666289,1995.675185,334.1148655,222.2165111,495.3414067,69.1975,
2020-12-25,423.2139236,2004.408644,334.1098377,222.5858737,495.368115,68.99908,
2020-12-26,427.8408335,2059.675427,334.8088913,223.2548833,495.8471533,68.98745,
2020-12-27,424.28603,2047.123454,335.5414591,222.8116,495.4568938,69.14642667,
2020-12-28,428.9055231,2079.407738,336.0243749,223.31225,495.0371917,69.00822727,
2020-12-29,424.4156182,2032.906454,335.2599662,222.7420143,495.1618222,69.11555,
2020-12-30,422.9954562,2007.517464,333.9791879,222.28945,494.7754333,68.864405,
2020-12-31,,2019.130975,334.2447096,222.5431067,495.0074471,68.9495,
2020-01-02,422.6273129,1992.339504,333.7098665,,,,10.35288889
2020-01-03,424.0226474,2023.726171,334.6008529,,,,
2020-01-04,,2029.500606,334.9464808,,,,
2020-01-05,422.2347104,2006.780502,334.2598894,,,,
2020-01-06,419.1721569,1957.755177,333.7058733,,,,
2020-01-07,416.7766673,1940.260214,333.557279,,,,10.36331538
2020-01-08,421.9659258,1993.540903,334.0108384,,,,10.384
2020-01-09,423.5793053,2002.338524,333.9567632,,,,10.24924
2020-01-10,421.6865278,1982.357112,333.7619792,,,,10.3576625
2020-01-11,,2022.264997,333.9629697,,,,
2020-01-12,419.1763262,1968.507026,332.7780219,,,,10.31458889
2020-01-13,421.1327044,1989.709861,333.4491466,,,,10.38269231
2020-01-14,421.4597697,,334.3898445,,,,10.414625
2020-01-15,421.4506295,1979.018328,333.9076151,,,,10.3842
2020-01-16,422.1731069,1979.455722,333.8597773,,,,
2020-01-17,422.0664129,1980.070595,332.8586369,,,,10.37615455
2020-01-18,421.5943761,1977.509208,332.2342611,,,,10.36104167
2020-01-19,424.2910448,,333.8069157,,,,10.40825
2020-01-20,425.7802748,2028.651986,333.3758841,,,,
2020-01-21,419.8295676,1981.05129,333.1888509,,,,10.373625
2020-01-22,423.5388862,1987.783446,334.3204629,,,,10.38795
2020-01-23,,2014.816248,334.9071469,,,,
2020-01-24,,2061.465843,335.1565752,,,,
2020-01-25,423.3025015,,334.4035492,,,,
2020-01-26,421.0644456,,334.2061765,,,,10.3658
2020-01-27,418.5558142,1967.236983,333.6681065,,,,10.36531538
2020-01-28,420.3536468,1976.987859,333.8191797,,,,10.38233333
2020-01-29,420.087095,1983.226889,333.6570962,,,,10.34379286
2020-01-30,426.5053121,2026.06406,334.540677,,,,10.3524375
2020-01-31,422.0569909,1993.79999,333.9206598,,,,10.316535
2020-02-01,421.1067669,2026.88816,334.5989349,,,,10.32988889
2020-02-02,420.1928005,1997.310961,334.4697179,,,,10.335975
2020-02-03,421.9964344,1996.193314,334.178539,,,,10.35081538
2020-02-04,421.7412319,1991.349632,334.0517827,,,,10.324505
2020-02-05,420.8132883,1986.378211,333.7421867,,,,10.27938182
2020-02-06,419.606732,1981.109674,333.6793871,,,,10.32022308
2020-02-07,423.625402,1999.011331,334.2682094,,,,10.40876667
2020-02-08,423.3979041,2013.486823,334.8505418,,,,10.34676
2020-02-09,420.3689652,2006.264021,334.6922546,,,,10.31235714
2020-02-10,426.0450857,2098.645744,336.3311744,,,,
2020-02-11,422.3962776,,336.2222685,,,,10.3547
2020-02-12,421.5699313,1990.898664,334.7753504,,,,10.3998
2020-02-13,422.0131396,1998.19089,334.9809161,,,,
2020-02-14,425.3544586,,335.4816788,,,,
2020-02-15,417.6271696,,335.1834308,,,,
2020-02-16,420.8392267,1976.344038,334.2870979,,,,10.32846667
2020-02-17,420.6181107,1976.642992,333.7516983,,,,10.309985
2020-02-18,420.6463597,1975.670749,333.9903179,,,,10.3462375
2020-02-19,422.2849773,1979.305271,334.2620851,,,,10.355975
2020-02-20,423.4909299,,335.027972,,,,
2020-02-21,417.9276389,,334.2221952,,,,10.3737
2020-02-22,419.2495902,,334.704494,,,,10.37795
2020-02-23,419.5675363,1961.210878,333.7498013,,,,10.26838
2020-02-24,419.7995372,1963.121656,333.9645111,,,,10.29283
2020-02-25,419.1033161,1965.859438,334.3410579,,,,10.3074625
2020-02-26,,2004.006095,334.673934,,,,10.3932
2020-02-27,422.9944299,1990.145467,334.485106,,,,
2020-02-28,422.6674192,1976.376878,334.2423003,,,,10.35843
2020-02-29,424.5866966,,335.1741058,,,,10.38686667
2020-03-01,423.1035323,,335.3475569,,,,
2020-03-02,423.5365573,1998.959457,334.6550477,,,,10.33730909
2020-03-03,424.1894397,2000.823595,334.4736198,,,,10.3947
2020-03-04,422.8159321,1999.306848,334.0348125,,,,10.3583375
2020-03-05,423.0268157,1994.474662,333.9650456,,,,10.3432
2020-03-06,422.0193103,1984.647004,333.9109283,,,,
2020-03-07,423.2135762,,334.4218402,,,,10.3814
2020-03-08,422.9193632,1984.347739,334.6071161,,,,
2020-03-09,419.8349482,,334.4665979,,,,10.38165
2020-03-10,422.7016441,1980.899398,334.6498647,,,,10.32563333
2020-03-11,423.0680412,1988.663323,334.0581546,,,,10.37678333
2020-03-12,422.5185648,1981.010066,334.0832772,,,,10.38965
2020-03-13,421.5445382,1983.214056,334.2414472,,,,10.35149
2020-03-14,421.1492479,1976.851877,333.9829843,,,,10.322225
2020-03-15,422.8374802,2005.029746,334.9147323,,,,10.3506
2020-03-16,421.1949853,1980.087749,333.8285311,,,,10.32882222
2020-03-17,420.2162653,1965.034045,333.6972862,,,,10.3304
2020-03-18,422.0124579,1991.452152,334.5683379,,,,
2020-03-19,421.1927635,1980.21643,333.7191834,,,,10.34691429
2020-03-20,422.3300311,1981.411682,333.5690018,,,,10.33508
2020-03-21,419.9628276,1965.4214,333.1981591,,,,10.3418
2020-03-22,420.8823091,1969.308888,333.8519225,,,,10.29436
2020-03-23,423.5869553,1976.296949,333.5343004,,,,10.34694444
2020-03-24,,1988.484638,334.2811943,,,,
2020-03-25,421.7775079,1975.910447,333.9554135,,,,
2020-03-26,421.5322216,1949.88271,333.5279288,,,,10.378
2020-03-27,420.5502515,1961.619185,333.4729233,,,,10.31097143
2020-03-28,422.554529,1973.804998,333.5302473,,,,10.36455556
2020-03-29,423.5547392,1981.505621,334.0573545,,,,
2020-03-30,421.9772797,1973.372418,333.7179357,,,,10.39035714
2020-03-31,422.9757118,1971.89894,333.8924914,,,,10.37475
2020-04-01,421.0082751,1968.374926,333.6767768,,,,10.40918
2020-04-02,422.4470366,1977.92046,333.8963067,,,,10.35573333
2020-04-03,423.3612956,1984.920221,333.8621571,,,,10.404375
2020-04-04,421.5975195,1984.157774,333.9056473,,,,10.32135
2020-04-05,420.5126201,1966.453963,333.1624529,,,,10.32164
2020-04-06,421.753479,1969.225062,333.4671514,,,,10.32705263
2020-04-07,421.8894892,1969.673287,333.5355419,,,,10.41805
2020-04-08,421.7954238,1977.847495,333.666583,,,,10.3749125
2020-04-09,422.2853967,1974.944084,333.4512664,,,,10.38813571
2020-04-10,423.7169051,1979.580166,333.5155988,,,,10.43635
2020-04-11,422.6622054,1983.088427,334.0647589,,,,
2020-04-12,424.0996079,1979.851508,333.9398274,,,,
2020-04-13,423.0125479,1968.647809,333.6743074,,,,10.38531667
2020-04-14,422.2858646,1966.679702,333.7979638,,,,10.419795
2020-04-15,422.6787109,1967.414464,333.6197509,,,,10.39107273
2020-04-16,423.6741494,1973.4485,334.073526,,,,10.5236
2020-04-17,421.4451274,1969.165871,333.5069165,,,,
2020-04-18,,2007.150031,334.9264973,,,,
2020-04-19,421.685326,1975.449438,334.0895203,,,,
2020-04-20,424.5544565,1974.056431,334.0228618,,,,
2020-04-21,421.524558,1958.698935,333.1408419,,,,10.36302
2020-04-22,421.6264783,1964.207681,333.2034482,,,,10.46204737
2020-04-23,422.2071563,1967.678985,333.6380577,,,,10.44350833
2020-04-24,422.7449772,1974.832812,333.8602564,,,,10.45387
2020-04-25,422.6162229,1989.983159,334.152718,,,,
2020-04-26,423.3329805,1974.772983,334.1212978,,,,10.49766
2020-04-27,423.9451229,1969.986258,333.6103674,,,,10.41715
2020-04-28,423.9528923,1971.831787,333.9937117,,,,10.55093333
2020-04-29,422.5481478,1962.48864,333.8569864,,,,10.44036
2020-04-30,421.2416079,1961.15484,333.6223576,,,,10.4989125
2020-05-01,419.7957785,1970.61255,333.8589655,,,,
2020-05-02,420.0393399,1959.741066,333.7443599,,,,10.5847
2020-05-03,418.2047196,1935.507739,,,,,10.5379
2020-05-04,425.1631493,1971.90715,334.6887406,,,,10.5672
2020-05-05,424.9083559,1982.85032,335.1795662,,,,10.48752857
2020-05-06,,1993.194189,335.5662405,,,,
2020-05-07,418.8934442,1952.080016,334.5336868,,,,10.406125
2020-05-08,419.2479826,1952.7652,334.0224349,,,,10.39979
2020-05-09,420.048228,1967.076682,334.2532884,,,,10.51707
2020-05-10,425.4964622,1975.956479,334.4471138,,,,
2020-05-11,,2040.67015,336.7160173,,,,
2020-05-12,421.2696795,,335.0248351,,,,
2020-05-13,421.1327738,1962.151677,333.7797784,,,,10.4437
2020-05-14,420.4644325,1968.734013,333.9856437,,,,10.51334118
2020-05-15,420.4824121,1961.652456,333.9141667,,,,10.57371111
2020-05-16,,,335.1613001,,,,
2020-05-17,420.9433769,,335.7204639,,,,
2020-05-18,422.0326777,1970.150862,334.5906603,,,,10.54315
2020-05-19,422.5072355,1981.040819,334.3902211,,,,10.57552
2020-05-20,422.8578572,1974.542184,334.3286108,,,,10.53018
2020-05-21,417.9940803,1968.56162,334.230339,,,,10.61006667
2020-05-22,416.7652576,1963.389971,334.5229587,,,,10.6413
2020-05-23,,,335.0174963,,,,
2020-05-24,417.98076,1954.370801,334.2813943,,,,
2020-05-25,424.1498935,1973.781055,334.5550726,,,,
2020-05-26,424.5960097,1980.628713,335.5594441,,,,
2020-05-27,422.9720419,1976.860856,334.7129036,,,,10.6561
2020-05-28,420.8659179,1970.809843,334.5692953,,,,10.67138333
2020-05-29,421.6795476,1972.660358,335.0334872,,,,
2020-05-30,,,335.843094,,,,
2020-05-31,,1988.56222,335.0517946,,,,
2020-06-01,420.0041043,1973.818647,334.6385627,,,,
2020-06-02,420.1874327,1978.374991,334.6775673,,,,
2020-06-03,420.1652888,1974.155793,334.6256553,,,,
2020-06-04,414.8436894,1948.608719,334.3061127,,,,10.6412
2020-06-05,416.9324267,1930.208074,334.4881086,,,,10.67
2020-06-06,,,335.3230505,,,,
2020-06-07,415.1667031,1989.080409,335.2161132,,,,
2020-06-08,,1980.425535,335.0425507,,,,
2020-06-09,418.4754665,1922.934759,334.2520686,,,,10.58038333
2020-06-10,417.7059769,1886.468222,333.6747405,,,,10.45933
2020-06-11,417.2081223,1866.319295,333.6753892,,,,10.51763077
2020-06-12,417.17059,1876.188775,334.1155423,,,,10.49908333
2020-06-13,416.4634988,1862.955283,334.1078529,,,,10.3213
2020-06-14,416.4493985,1882.810653,334.2015229,,,,10.39126
2020-06-15,417.7286795,1937.466079,334.6618858,,,,
2020-06-16,418.7481298,1957.501949,335.7612023,,,,
2020-06-17,,,338.1748675,,,,10.639275
2020-06-18,,,336.1305253,,,,
2020-06-19,414.4065732,1981.827936,334.6384815,,,,
2020-06-20,,,334.7728217,,,,
2020-06-21,,1970.48124,334.7497917,,,,10.7111
2020-06-22,,,335.2110594,,,,
2020-06-23,412.5071785,1961.030264,334.5946291,,,,10.658725
2020-06-24,413.3475936,1939.773167,334.5565538,,,,10.59435833
2020-06-25,415.6516314,,337.4223794,,,,
2020-06-26,413.9426138,1979.111783,335.9992677,,,,
2020-06-27,,,337.8305598,,,,
2020-06-28,419.1576246,2085.561409,337.592394,,,,
2020-06-29,415.6815329,,336.8579909,,,,10.49618571
2020-06-30,410.5072105,2006.618452,336.4336386,,,,
2020-07-01,406.2553428,1987.203833,335.5138507,,,,10.62883333
2020-07-03,,,337.9346136,,,,
2020-07-04,,,337.4381547,,,,
2020-07-05,411.3131614,1981.777449,336.6399773,,,,
2020-07-06,,,337.1274704,,,,
2020-07-07,415.3715698,,337.1296976,,,,
2020-07-08,415.1243933,2043.898532,336.9865369,,,,
2020-07-09,,,337.5961279,,,,
2020-07-10,414.3458151,1925.457399,336.3382704,,,,
2020-07-11,,2041.934469,337.5506993,,,,
2020-07-12,415.41067,1858.662576,337.050461,,,,
2020-07-13,415.7693603,1897.977893,336.0382756,,,,
2020-07-14,,1972.31046,335.199343,,,,10.60915
2020-07-15,,1967.973969,335.1958346,,,,10.60158333
2020-07-16,407.5913613,1957.68736,335.7119232,,,,10.617975
2020-07-17,,,336.0321096,,,,
2020-07-18,408.7943389,,335.9109762,,,,
2020-07-19,415.5486386,1853.167597,335.0100193,,,,10.35394
2020-07-20,415.6739887,1896.931718,335.9645592,,,,10.4338
2020-07-21,416.7019225,,337.1819935,,,,10.4722
2020-07-22,414.3336863,1862.250715,335.1204524,,,,10.44035556
2020-07-23,414.580285,1868.943875,335.6085648,,,,10.4548
2020-07-24,416.9765608,1979.159356,335.6171505,,,,10.621
2020-07-25,,1985.087911,335.5149708,,,,10.58885
2020-07-26,,1985.875505,336.2329342,,,,10.5818
2020-07-27,415.3403346,1868.869328,336.7885252,,,,10.53293333
2020-07-28,414.2878453,1864.346627,334.9703065,,,,10.40499
2020-07-29,414.888743,1867.07633,334.3350831,,,,10.41207
2020-07-30,414.2318147,1872.010684,333.9902694,,,,10.435565
2020-07-31,412.778453,1871.611164,333.8303924,,,,10.427585
2020-08-01,414.0679076,1864.449981,333.9897413,,,,10.410305
2020-08-02,414.4754932,1863.891648,333.9446609,,,,10.45148
2020-08-03,415.4126683,1865.197062,333.9743039,,,,10.42885
2020-08-04,415.0053437,1866.279739,333.8230011,,,,10.399095
2020-08-05,414.3965509,1865.738269,333.8842042,,,,10.43034
2020-08-06,413.7870779,1857.037182,333.5870144,,,,10.353675
2020-08-07,413.9849071,1860.149325,333.853911,,,,10.404345
2020-08-08,413.6752636,1855.846751,333.8246233,,,,10.34358
2020-08-09,413.5586024,1858.188098,333.8527689,,,,10.307185
2020-08-10,414.37184,1862.777745,334.0356209,,,,10.23606667
2020-08-11,413.2402955,1858.142231,333.4433589,,,,10.20942667
2020-08-12,412.5037354,1857.067171,333.6620657,,,,10.22757
2020-08-13,412.5427221,1856.468945,333.7101387,,,,10.299745
2020-08-14,413.3248291,1855.176019,,,,,10.40625789
2020-08-15,412.8775027,1850.570578,,,,,10.37243
2020-08-16,413.0385579,1863.591949,,,,,10.410975
2020-08-17,412.982056,1865.988351,,,,,10.440795
2020-08-18,413.5806195,1869.714098,334.0422647,,,,10.53454
2020-08-19,413.279437,1864.768486,334.2160014,,,,
2020-08-20,413.2961112,1856.794048,334.127443,,,,10.43459
2020-08-21,415.44821,,334.684612,,,,10.4202
2020-08-24,412.6503705,1867.72401,338.1246321,,,,10.48318462
2020-08-25,415.0798652,1886.943813,335.536554,,,,10.47349412
2020-08-26,415.7560622,,335.3965099,,,,
2020-08-27,414.5088559,1936.71282,335.3689879,,,,10.6281
2020-08-28,412.9367306,1891.549901,335.1682766,,,,10.45830667
2020-08-29,412.4984783,1872.205429,334.0361719,,,,10.35953
2020-08-30,413.7433223,,335.6731098,,,,10.570745
2020-08-31,,,335.3151442,,,,10.56307778
2020-09-01,,,335.3623864,,,,10.51346667
2020-09-02,416.4270829,1943.176997,334.5397745,,,,10.60626667
2020-09-03,415.8008124,2037.091259,335.0116477,,,,10.6365
2020-09-04,410.8812566,2031.748961,335.4920259,,,,
2020-09-05,,,,,,,10.670325
2020-09-06,415.4500549,,335.128222,,,,
2020-09-07,412.7674774,,334.4924027,,,,
2020-09-08,414.6564113,,336.3414911,,,,
2020-09-09,410.5381574,2030.847134,335.0625112,,,,
2020-09-10,411.1913114,2014.456515,335.8009568,,,,
2020-09-11,,,336.1528624,,,,
2020-09-12,411.5897297,2011.616833,335.509638,,,,
2020-09-13,414.4451504,2002.598855,335.6002505,,,,
2020-09-14,411.4652204,,335.7498207,,,,
2020-09-15,,,336.2047152,,,,
2020-09-16,414.4849083,2011.445752,,,,,
2020-09-17,414.0568966,2014.337435,,,,,
2020-09-18,415.388577,2020.718366,334.2131873,,,,
2020-09-19,412.9558419,2012.978896,334.8470792,,,,
2020-09-20,414.9867895,,336.2890714,,,,
2020-09-21,,,336.058515,,,,
2020-09-22,,,335.1258357,,,,10.588375
2020-09-23,,,335.652513,,,,
2020-09-24,416.5071175,2009.368121,335.4741436,,,,
2020-09-25,416.308533,2016.305479,335.1382407,,,,
2020-09-26,413.1923944,1985.157202,335.3814676,,,,
2020-09-27,,,335.5339046,,,,10.7857
2020-09-28,412.4980326,,334.6435708,,,,10.72825
2020-09-29,416.661841,,335.5982633,,,,
2020-09-30,416.3600974,2026.036323,336.4615225,,,,
2020-10-01,417.130803,2010.307943,,,,,
2020-10-02,413.1315606,1964.864931,335.2830067,,,,10.74377143
2020-10-03,,,335.7035198,,,,10.7895
2020-10-04,418.1575528,,335.3561474,,,,10.8715
2020-10-05,416.7618996,,333.7438806,,,,10.62003684
2020-10-06,420.3271852,2007.645228,334.3668421,,,,10.62163571
2020-10-07,416.711726,,334.964834,,,,10.8251
2020-10-08,416.3853351,1989.875832,334.1883558,,,,
2020-10-09,414.0560797,1979.104044,334.3543409,,,,10.77711111
2020-10-10,419.435944,1982.723149,334.5990769,,,,10.69109091
2020-10-11,415.4380687,,335.2840347,,,,
2020-10-12,416.7138966,1990.10053,334.6445963,,,,10.68705
2020-10-13,415.3013981,1989.984119,334.1347738,,,,10.680215
2020-10-14,419.7327222,,334.7636116,,,,
2020-10-15,416.8541493,1996.166033,334.5010694,,,,10.67000769
2020-10-16,417.6326693,,335.0421006,,,,10.78392
2020-10-17,419.8393137,2007.986233,335.065643,,,,
2020-10-18,423.8235935,2041.42757,335.5157407,,,,
2020-10-19,,2037.289128,335.852822,,,,
2020-10-20,,,335.192277,,,,
2020-10-21,416.2257961,1971.152189,334.8545119,,,,10.8072875
2020-10-22,418.9188938,1985.362838,334.6732371,,,,10.669
2020-10-23,416.9785152,1993.849768,333.8292068,,,,10.67129286
2020-10-24,415.5524992,1985.93913,333.4675326,,,,10.62344737
2020-10-25,421.8550028,2010.295034,334.4303242,,,,10.738975
2020-10-26,421.6002747,2015.21236,335.0621158,,,,
2020-10-27,423.8095201,2051.013011,336.11215,,,,
2020-10-28,418.7137878,2038.690331,335.7998718,,,,10.8154
2020-10-29,418.9926804,1993.61962,334.1238747,,,,10.66191667
2020-10-30,420.0534813,2000.852279,334.5810415,,,,10.7131625
2020-10-31,415.8721402,,335.152657,,,,10.66972
2020-11-01,418.959563,1978.84565,334.7083531,,,,10.71990625
2020-11-02,422.7051088,2024.899869,335.2091845,,,,
2020-11-03,419.3494801,1996.876584,334.174228,,,,10.70376667
2020-11-04,418.7469962,1989.959483,333.7912445,,,,10.64440588
2020-11-05,422.1251398,1999.714162,334.6518529,,,,10.68684
2020-11-06,419.9002223,1980.209546,334.8745638,,,,
2020-11-07,,1987.360816,334.8816074,,,,
2020-11-08,419.460383,1998.142003,334.6438886,,,,10.58126
2020-11-09,419.1793235,1993.5551,333.8393659,,,,10.67393333
2020-11-10,418.0430006,,334.3291143,,,,10.71443333
2020-11-11,423.8784117,2005.200967,334.9795683,,,,
2020-11-12,,1995.242069,334.827229,,,,
2020-11-13,421.5161772,1999.509919,334.7305335,,,,
2020-11-14,,,335.3276789,,,,
2020-11-15,418.513628,,334.7477496,,,,
2020-11-16,421.6534288,1992.105403,334.8741314,,,,
2020-11-17,418.0409257,,334.9496981,,,,10.70638462
2020-11-18,416.4837038,1950.339137,334.4215825,,,,10.66442
2020-11-19,415.3365074,1961.899723,335.874645,,,,10.61871818
2020-11-20,421.3012165,2022.936106,335.1623951,,,,
2020-11-21,420.0801371,1990.937251,334.8983599,,,,10.70966667
2020-11-22,421.6873748,1997.418342,334.9371424,,,,10.7321
2020-11-23,419.5478732,1983.180937,333.85246,,,,10.64686667
2020-11-24,418.0827593,1970.3482,333.9399261,,,,10.69618125
2020-11-25,422.6583875,1992.740878,334.749279,,,,
2020-11-26,423.1529034,2008.95964,335.0707125,,,,
2020-11-27,420.1227093,1988.126468,334.4893974,,,,10.71097143
2020-11-28,418.921235,1981.941515,333.9269779,,,,10.6723625
2020-11-29,419.8497109,1980.346495,334.1080076,,,,10.68171875
2020-11-30,421.4159468,1984.845905,334.4093257,,,,10.66694286
2020-12-01,419.2129438,1975.073718,334.3919741,,,,10.64818333
2020-12-02,421.5075399,1997.372238,334.8339319,,,,
2020-12-03,422.6725199,1990.927098,334.387574,,,,10.69465
2020-12-04,418.6507654,1975.192038,333.9467555,,,,10.63820909
2020-12-05,419.5750184,1974.061166,334.389456,,,,10.72465
2020-12-06,419.7373437,1983.28482,334.3630981,,,,10.67712
2020-12-07,422.6388981,2016.659206,335.2219099,,,,
2020-12-08,419.7998401,2003.312535,334.5337979,,,,10.699025
2020-12-09,421.6193931,1987.664768,334.4945499,,,,
2020-12-10,420.8413087,1993.454068,334.7021424,,,,
2020-12-11,,,335.6382053,,,,
2020-12-12,424.2422558,,335.2462045,,,,
2020-12-13,423.2139023,,334.9294791,,,,
2020-12-14,421.5256362,2000.851762,334.0670844,,,,10.65010588
2020-12-15,423.4781413,2012.004665,334.2417852,,,,10.69868571
2020-12-16,422.2372561,1996.52147,334.2457391,,,,10.68066667
2020-12-17,421.2313477,1989.270663,334.1761412,,,,10.67325833
2020-12-18,421.5455749,1982.844207,334.6565598,,,,10.66696
2020-12-19,420.1515228,1984.717452,334.1281897,,,,10.66335
2020-12-20,421.5577985,1986.311615,334.3881607,,,,10.693375
2020-12-21,424.2425581,2009.595487,334.9258693,,,,
2020-12-22,425.5786243,2024.719182,335.0577292,,,,
2020-12-23,420.2066762,1999.09885,335.0777437,,,,
2020-12-24,424.3035957,2010.654577,334.9543542,,,,
2020-12-25,423.1295251,1994.408993,334.4492797,,,,10.66895556
2020-12-26,423.2159841,1996.183854,334.9542526,,,,10.69165714
2020-12-27,423.6477493,,334.8899316,,,,10.7062
2020-12-28,422.3316495,1992.853904,335.1865054,,,,
2020-12-29,423.0447167,,335.5798747,,,,
2020-12-30,422.5132231,2000.833947,334.2553275,,,,10.66767647
2020-12-31,421.728686,1990.440966,334.4773113,,,,10.66935
